id,name,model_id:id,group_id:id,perm_read,perm_write,perm_create,perm_unlink
access_biostar_device_sync_user,biostar.device.sync.access,model_biostar_device_sync,base.group_user,1,1,1,1

access_biometric_attendance_devices_report_wizard,biometric.attendance.devices.report.wizard,model_attendance_report_wizard,base.group_user,1,1,1,1
access_attendance_log,attendance.log,model_attendance_log,base.group_user,1,1,1,1
dp_biostar_2_biomatric_attendance.access_biostar_device,access_biostar_device,dp_biostar_2_biomatric_attendance.model_biostar_device,base.group_user,1,1,1,1
dp_biostar_2_biomatric_attendance.access_biostar_device_type,access_biostar_device_type,dp_biostar_2_biomatric_attendance.model_biostar_device_type,base.group_user,1,1,1,1
dp_biostar_2_biomatric_attendance.access_biostar_api,access_biostar_api,dp_biostar_2_biomatric_attendance.model_biostar_api,base.group_user,1,1,1,1